{
  "meta": {
    "ts": "2026-04-21 23:25:00",
    "ch": 0,
    "n": 300,
    "settle_us": 500
  },
  "apu_rise": {
    "n": 300,
    "mean": 499.68271999999996,
    "p50": 341.761,
    "p95": 1128.804,
    "p99": 3748.764,
    "max": 7408.878,
    "stdev": 685.5708886218264
  },
  "apu_fall": {
    "n": 300,
    "mean": 476.4657966666667,
    "p50": 371.201,
    "p95": 713.343,
    "p99": 4264.706,
    "max": 6242.873,
    "stdev": 553.9058164518699
  },
  "rpu_rise": null,
  "rpu_fall": {
    "n": 300,
    "mean": 20.03082,
    "p50": 19.65,
    "p95": 23.73,
    "p99": 27.7,
    "max": 50.56,
    "stdev": 2.6644212284362636
  }
}